dtime,gen_fv,gen_wi,period,gen_jga,gen_jgo,ogr_mwe,dtime_utc,rez_under,period_utc,kse_pow_dem,capacity_jga,capacity_jgo,business_date,gen_jgm_zak_1,gen_jgm_zak_2,gen_jgw_zak_1,gen_jgw_zak_2,gen_jgz_zak_1,gen_jgz_zak_2,gen_jgz_zak_3,publication_ts,rez_over_demand,tot_jgm_char_pow,capacity_jgm_zak_1,capacity_jgm_zak_2,capacity_jgw_zak_1,capacity_jgw_zak_2,capacity_jgz_zak_1,capacity_jgz_zak_2,capacity_jgz_zak_3,gen_not_activ_part,publication_ts_utc,gen_jgw_jgm_jgz_jga,capacity_jgw_jgm_jgz_jga,dom_balance_exchange_par,dom_balance_exchange_non_par
2025-07-19 00:15:00,0.0,637.0,00:00 - 00:15,,,10611.0,2025-07-18 22:15:00,3695.0,22:00 - 22:15,15450.0,,,2025-07-19,0.0,,10154.0,,,,,2025-07-19 14:19:50.733,2685.0,,714.0,,15014.0,,,,,3170.0,2025-07-19 12:19:50.733,10154.0,15728.0,645.0,1477.0
2025-07-19 00:30:00,0.0,648.0,00:15 - 00:30,,,10611.0,2025-07-18 22:30:00,3746.0,22:15 - 22:30,15250.0,,,2025-07-19,0.0,,9937.0,,,,,2025-07-19 14:19:50.733,2232.0,,714.0,,15014.0,,,,,3182.0,2025-07-19 12:19:50.733,9937.0,15728.0,645.0,1486.0
2025-07-19 00:45:00,0.0,746.0,00:30 - 00:45,,,10485.0,2025-07-18 22:45:00,3455.0,22:30 - 22:45,15050.0,,,2025-07-19,0.0,,9646.0,,,,,2025-07-19 14:19:50.733,2523.0,,714.0,,15140.0,,,,,3280.0,2025-07-19 12:19:50.733,9646.0,15854.0,645.0,1485.0
2025-07-19 01:00:00,0.0,728.0,00:45 - 01:00,,,10820.0,2025-07-18 23:00:00,3525.0,22:45 - 23:00,14850.0,,,2025-07-19,0.0,,9716.0,,,,,2025-07-19 14:19:50.733,2453.0,,714.0,,14805.0,,,,,3261.0,2025-07-19 12:19:50.733,9716.0,15519.0,645.0,1473.0
2025-07-19 01:15:00,0.0,831.0,01:00 - 01:15,,,10797.0,2025-07-18 23:15:00,3564.0,23:00 - 23:15,14700.0,,,2025-07-19,0.0,,9755.0,,,,,2025-07-19 14:19:50.733,2437.0,,714.0,,14828.0,,,,,3336.0,2025-07-19 12:19:50.733,9755.0,15542.0,645.0,982.0
2025-07-19 01:30:00,0.0,804.0,01:15 - 01:30,,,10797.0,2025-07-18 23:30:00,3539.0,23:15 - 23:30,14600.0,,,2025-07-19,0.0,,9730.0,,,,,2025-07-19 14:19:50.733,2462.0,,714.0,,14828.0,,,,,3309.0,2025-07-19 12:19:50.733,9730.0,15542.0,645.0,946.0
2025-07-19 01:45:00,0.0,839.0,01:30 - 01:45,,,10710.0,2025-07-18 23:45:00,3321.0,23:30 - 23:45,14400.0,,,2025-07-19,0.0,,9512.0,,,,,2025-07-19 14:19:50.733,2680.0,,714.0,,14915.0,,,,,3369.0,2025-07-19 12:19:50.733,9512.0,15629.0,645.0,887.0
2025-07-19 02:00:00,0.0,844.0,01:45 - 02:00,,,10964.0,2025-07-19 00:00:00,3236.0,23:45 - 24:00,14250.0,,,2025-07-19,0.0,,9427.0,,,,,2025-07-19 14:19:50.733,2765.0,,714.0,,14661.0,,,,,3375.0,2025-07-19 12:19:50.733,9427.0,15375.0,645.0,862.0
2025-07-19 02:15:00,0.0,849.0,02:00 - 02:15,,,10944.0,2025-07-19 00:15:00,3322.0,00:00 - 00:15,14150.0,,,2025-07-19,0.0,,9513.0,,,,,2025-07-19 14:19:50.733,2679.0,,714.0,,14681.0,,,,,3261.0,2025-07-19 12:19:50.733,9513.0,15395.0,645.0,743.0
2025-07-19 02:30:00,0.0,871.0,02:15 - 02:30,,,10919.0,2025-07-19 00:30:00,3274.0,00:15 - 00:30,14100.0,,,2025-07-19,0.0,,9465.0,,,,,2025-07-19 14:19:50.733,2727.0,,714.0,,14706.0,,,,,3283.0,2025-07-19 12:19:50.733,9465.0,15420.0,645.0,720.0
2025-07-19 02:45:00,0.0,825.0,02:30 - 02:45,,,10796.0,2025-07-19 00:45:00,3248.0,00:30 - 00:45,14050.0,,,2025-07-19,0.0,,9439.0,,,,,2025-07-19 14:19:50.733,2753.0,,714.0,,14829.0,,,,,3237.0,2025-07-19 12:19:50.733,9439.0,15543.0,645.0,694.0
2025-07-19 03:00:00,0.0,858.0,02:45 - 03:00,,,12893.0,2025-07-19 01:00:00,3197.0,00:45 - 01:00,14100.0,,,2025-07-19,0.0,,9388.0,,,,,2025-07-19 14:19:50.733,2804.0,,714.0,,12732.0,,,,,3270.0,2025-07-19 12:19:50.733,9388.0,13446.0,645.0,765.0
2025-07-19 03:15:00,0.0,826.0,03:00 - 03:15,,,12731.0,2025-07-19 01:15:00,3213.0,01:00 - 01:15,14050.0,,,2025-07-19,0.0,,9404.0,,,,,2025-07-19 14:19:50.733,2793.0,,714.0,,12894.0,,,,,3170.0,2025-07-19 12:19:50.733,9404.0,13608.0,645.0,830.0
2025-07-19 03:30:00,0.0,851.0,03:15 - 03:30,,,12611.0,2025-07-19 01:30:00,3137.0,01:15 - 01:30,14000.0,,,2025-07-19,0.0,,9328.0,,,,,2025-07-19 14:19:50.733,2869.0,,714.0,,13014.0,,,,,3194.0,2025-07-19 12:19:50.733,9328.0,13728.0,645.0,833.0
2025-07-19 03:45:00,0.0,800.0,03:30 - 03:45,,,12346.0,2025-07-19 01:45:00,3129.0,01:30 - 01:45,13950.0,,,2025-07-19,0.0,,9320.0,,,,,2025-07-19 14:19:50.733,2877.0,,714.0,,13279.0,,,,,3144.0,2025-07-19 12:19:50.733,9320.0,13992.0,645.0,834.0
2025-07-19 04:00:00,0.0,830.0,03:45 - 04:00,,,12751.0,2025-07-19 02:00:00,3149.0,01:45 - 02:00,13850.0,,,2025-07-19,0.0,,9340.0,,,,,2025-07-19 14:19:50.733,2857.0,,714.0,,12874.0,,,,,3174.0,2025-07-19 12:19:50.733,9340.0,13587.0,645.0,848.0
2025-07-19 04:15:00,0.0,833.0,04:00 - 04:15,,,12511.0,2025-07-19 02:15:00,3369.0,02:00 - 02:15,13750.0,,,2025-07-19,0.0,,9431.0,,,,,2025-07-19 14:19:50.733,2555.0,,714.0,,13114.0,,,,,3141.0,2025-07-19 12:19:50.733,9431.0,13828.0,645.0,533.0
2025-07-19 04:30:00,0.0,855.0,04:15 - 04:30,,,12343.0,2025-07-19 02:30:00,3198.0,02:15 - 02:30,13600.0,,,2025-07-19,0.0,,9260.0,,,,,2025-07-19 14:19:50.733,2726.0,,714.0,,13283.0,,,,,3163.0,2025-07-19 12:19:50.733,9260.0,13996.0,645.0,533.0
2025-07-19 04:45:00,0.0,825.0,04:30 - 04:45,,,11703.0,2025-07-19 02:45:00,3283.0,02:30 - 02:45,13650.0,,,2025-07-19,0.0,,9345.0,,,,,2025-07-19 14:19:50.733,2641.0,,714.0,,13922.0,,,,,3133.0,2025-07-19 12:19:50.733,9345.0,14635.0,645.0,532.0
2025-07-19 05:00:00,12.0,856.0,04:45 - 05:00,,,12668.0,2025-07-19 03:00:00,3429.0,02:45 - 03:00,13550.0,,,2025-07-19,0.0,,9491.0,,,,,2025-07-19 14:19:50.733,2495.0,,714.0,,12957.0,,,,,3176.0,2025-07-19 12:19:50.733,9491.0,13671.0,645.0,522.0
2025-07-19 05:15:00,64.0,841.0,05:00 - 05:15,,,12463.0,2025-07-19 03:15:00,3476.0,03:00 - 03:15,13350.0,,,2025-07-19,0.0,,9538.0,,,,,2025-07-19 14:19:50.733,2448.0,,714.0,,13162.0,,,,,3208.0,2025-07-19 12:19:50.733,9538.0,13876.0,645.0,-46.0
2025-07-19 05:30:00,191.0,846.0,05:15 - 05:30,,,11968.0,2025-07-19 03:30:00,3262.0,03:15 - 03:30,13250.0,,,2025-07-19,0.0,,9324.0,,,,,2025-07-19 14:19:50.733,2662.0,,714.0,,13658.0,,,,,3344.0,2025-07-19 12:19:50.733,9324.0,14371.0,645.0,-37.0
2025-07-19 05:45:00,354.0,819.0,05:30 - 05:45,,,11723.0,2025-07-19 03:45:00,3188.0,03:30 - 03:45,13300.0,,,2025-07-19,0.0,,9250.0,,,,,2025-07-19 14:19:50.733,2736.0,,714.0,,13902.0,,,,,3481.0,2025-07-19 12:19:50.733,9250.0,14615.0,645.0,-89.0
2025-07-19 06:00:00,554.0,804.0,05:45 - 06:00,,,12655.0,2025-07-19 04:00:00,3225.0,03:45 - 04:00,13450.0,,,2025-07-19,13.0,,9287.0,,,,,2025-07-19 14:19:50.733,2699.0,,727.0,,12957.0,,,,,3664.0,2025-07-19 12:19:50.733,9300.0,13684.0,645.0,-63.0
2025-07-19 06:15:00,775.0,876.0,06:00 - 06:15,,,12460.0,2025-07-19 04:15:00,3440.0,04:00 - 04:15,13900.0,,,2025-07-19,13.0,,9502.0,,,,,2025-07-19 14:19:50.733,2474.0,,727.0,,13152.0,,,,,3975.0,2025-07-19 12:19:50.733,9515.0,13879.0,645.0,-255.0
2025-07-19 06:30:00,1046.0,828.0,06:15 - 06:30,,,11965.0,2025-07-19 04:30:00,3486.0,04:15 - 04:30,14250.0,,,2025-07-19,13.0,,9548.0,,,,,2025-07-19 14:19:50.733,2428.0,,727.0,,13648.0,,,,,4201.0,2025-07-19 12:19:50.733,9561.0,14374.0,645.0,-215.0
2025-07-19 06:45:00,1141.0,808.0,06:30 - 06:45,,,11720.0,2025-07-19 04:45:00,3433.0,04:30 - 04:45,14400.0,,,2025-07-19,13.0,,9495.0,,,,,2025-07-19 14:19:50.733,2481.0,,727.0,,13892.0,,,,,4276.0,2025-07-19 12:19:50.733,9508.0,14618.0,645.0,-99.0
2025-07-19 07:00:00,1495.0,775.0,06:45 - 07:00,,,12824.0,2025-07-19 05:00:00,3579.0,04:45 - 05:00,14650.0,,,2025-07-19,13.0,,9641.0,,,,,2025-07-19 14:19:50.733,2335.0,,727.0,,12788.0,,,,,4598.0,2025-07-19 12:19:50.733,9654.0,13514.0,645.0,40.0
2025-07-19 07:15:00,1811.0,759.0,07:00 - 07:15,,,12904.0,2025-07-19 05:15:00,3630.0,05:00 - 05:15,14850.0,,,2025-07-19,13.0,,9692.0,,,,,2025-07-19 14:19:50.733,1978.0,,727.0,,12708.0,,,,,4906.0,2025-07-19 12:19:50.733,9705.0,13434.0,645.0,-534.0
2025-07-19 07:30:00,2258.0,711.0,07:15 - 07:30,,,12385.0,2025-07-19 05:30:00,3367.0,05:15 - 05:30,15100.0,,,2025-07-19,13.0,,9429.0,,,,,2025-07-19 14:19:50.733,2241.0,,727.0,,13227.0,,,,,5304.0,2025-07-19 12:19:50.733,9442.0,13954.0,645.0,-277.0
2025-07-19 07:45:00,2715.0,658.0,07:30 - 07:45,,,12088.0,2025-07-19 05:45:00,2994.0,05:30 - 05:45,15200.0,,,2025-07-19,13.0,,9056.0,,,,,2025-07-19 14:19:50.733,2614.0,,727.0,,13524.0,,,,,5708.0,2025-07-19 12:19:50.733,9069.0,14250.0,645.0,-305.0
2025-07-19 08:00:00,3165.0,624.0,07:45 - 08:00,,,13130.0,2025-07-19 06:00:00,3053.0,05:45 - 06:00,15450.0,,,2025-07-19,13.0,,9115.0,,,,,2025-07-19 14:19:50.733,2555.0,,727.0,,12482.0,,,,,6124.0,2025-07-19 12:19:50.733,9128.0,13208.0,645.0,-138.0
2025-07-19 08:15:00,3464.0,521.0,08:00 - 08:15,,,12932.0,2025-07-19 06:15:00,3257.0,06:00 - 06:15,15750.0,,,2025-07-19,0.0,,9319.0,,,,,2025-07-19 14:19:50.733,2336.0,,714.0,,12693.0,,,,,6312.0,2025-07-19 12:19:50.733,9319.0,13406.0,645.0,-755.0
2025-07-19 08:30:00,3925.0,554.0,08:15 - 08:30,,,12413.0,2025-07-19 06:30:00,2779.0,06:15 - 06:30,15950.0,,,2025-07-19,0.0,,8841.0,,,,,2025-07-19 14:19:50.733,2814.0,,714.0,,13212.0,,,,,6773.0,2025-07-19 12:19:50.733,8841.0,13926.0,645.0,-296.0
2025-07-19 08:45:00,4105.0,542.0,08:30 - 08:45,,,12146.0,2025-07-19 06:45:00,2642.0,06:30 - 06:45,16000.0,,,2025-07-19,0.0,,8704.0,,,,,2025-07-19 14:19:50.733,2951.0,,714.0,,13479.0,,,,,6945.0,2025-07-19 12:19:50.733,8704.0,14192.0,645.0,-322.0
2025-07-19 09:00:00,4459.0,562.0,08:45 - 09:00,,,13158.0,2025-07-19 07:00:00,2103.0,06:45 - 07:00,15850.0,,,2025-07-19,0.0,,8165.0,,,,,2025-07-19 14:19:50.733,3490.0,,714.0,,12467.0,,,,,7319.0,2025-07-19 12:19:50.733,8165.0,13180.0,645.0,-265.0
2025-07-19 09:15:00,5088.0,578.0,09:00 - 09:15,,,12944.0,2025-07-19 07:15:00,1906.0,07:00 - 07:15,15950.0,,,2025-07-19,0.0,,7591.0,,,,,2025-07-19 14:19:50.733,3491.0,,714.0,,12681.0,,,,,7876.0,2025-07-19 12:19:50.733,7591.0,13394.0,645.0,-292.0
2025-07-19 09:30:00,5721.0,609.0,09:15 - 09:30,,,12425.0,2025-07-19 07:30:00,985.0,07:15 - 07:30,15600.0,,,2025-07-19,0.0,,6670.0,,,,,2025-07-19 14:19:50.733,4412.0,,714.0,,13200.0,,,,,8539.0,2025-07-19 12:19:50.733,6670.0,13914.0,645.0,21.0
2025-07-19 09:45:00,6410.0,639.0,09:30 - 09:45,,,12160.0,2025-07-19 07:45:00,629.0,07:30 - 07:45,15650.0,,,2025-07-19,0.0,,6314.0,,,,,2025-07-19 14:19:50.733,4767.0,,714.0,,13465.0,,,,,9259.0,2025-07-19 12:19:50.733,6314.0,14178.0,636.0,-110.0
2025-07-19 10:00:00,6708.0,589.0,09:45 - 10:00,,,13170.0,2025-07-19 08:00:00,640.0,07:45 - 08:00,15700.0,,,2025-07-19,0.0,,6325.0,,,,,2025-07-19 14:19:50.733,4756.0,,714.0,,12455.0,,,,,9507.0,2025-07-19 12:19:50.733,6325.0,13168.0,579.0,-127.0
2025-07-19 10:15:00,7249.0,654.0,10:00 - 10:15,,,13104.0,2025-07-19 08:15:00,604.0,08:00 - 08:15,15800.0,,,2025-07-19,0.0,,6289.0,,,,,2025-07-19 14:19:50.733,4781.0,,565.0,,12670.0,,,,,10023.0,2025-07-19 12:19:50.733,6289.0,13235.0,281.0,-207.0
2025-07-19 10:30:00,7571.0,598.0,10:15 - 10:30,,,12436.0,2025-07-19 08:30:00,571.0,08:15 - 08:30,15850.0,,,2025-07-19,0.0,,6256.0,,,,,2025-07-19 14:19:50.733,4814.0,,714.0,,13189.0,,,,,10288.0,2025-07-19 12:19:50.733,6256.0,13903.0,143.0,-34.0
2025-07-19 10:45:00,8074.0,601.0,10:30 - 10:45,,,12242.0,2025-07-19 08:45:00,571.0,08:30 - 08:45,15850.0,,,2025-07-19,0.0,,6256.0,,,,,2025-07-19 14:19:50.733,4814.0,,649.0,,13448.0,,,,,10794.0,2025-07-19 12:19:50.733,6256.0,14097.0,45.0,-55.0
2025-07-19 11:00:00,8257.0,660.0,10:45 - 11:00,,,13835.0,2025-07-19 09:00:00,571.0,08:45 - 09:00,15850.0,,,2025-07-19,0.0,,6256.0,,,,,2025-07-19 14:19:50.733,4814.0,,709.0,,11794.0,,,,,11037.0,2025-07-19 12:19:50.733,6256.0,12504.0,45.0,-21.0
2025-07-19 11:15:00,8503.0,675.0,11:00 - 11:15,,,13867.0,2025-07-19 09:15:00,571.0,09:00 - 09:15,16300.0,,,2025-07-19,0.0,,6256.0,,,,,2025-07-19 14:19:50.733,4810.0,,610.0,,11862.0,,,,,11318.0,2025-07-19 12:19:50.733,6256.0,12472.0,45.0,-56.0
2025-07-19 11:30:00,8624.0,736.0,11:15 - 11:30,,,13774.0,2025-07-19 09:30:00,571.0,09:15 - 09:30,16650.0,,,2025-07-19,0.0,,6256.0,,,,,2025-07-19 14:19:50.733,4810.0,,624.0,,11941.0,,,,,11499.0,2025-07-19 12:19:50.733,6256.0,12565.0,45.0,-63.0
2025-07-19 11:45:00,8779.0,717.0,11:30 - 11:45,,,13421.0,2025-07-19 09:45:00,573.0,09:30 - 09:45,16700.0,,,2025-07-19,0.0,,6258.0,,,,,2025-07-19 14:19:50.733,4808.0,,563.0,,12355.0,,,,,11635.0,2025-07-19 12:19:50.733,6258.0,12918.0,45.0,-63.0
2025-07-19 12:00:00,8015.0,782.0,11:45 - 12:00,,,14384.0,2025-07-19 10:00:00,926.0,09:45 - 10:00,16850.0,,,2025-07-19,0.0,,6611.0,,,,,2025-07-19 14:19:50.733,4455.0,,616.0,,11338.0,,,,,10936.0,2025-07-19 12:19:50.733,6611.0,11954.0,45.0,-66.0
2025-07-19 12:15:00,7867.0,798.0,12:00 - 12:15,,,14355.0,2025-07-19 10:15:00,1023.0,10:00 - 10:15,16800.0,,,2025-07-19,0.0,,6708.0,,,,,2025-07-19 14:19:50.733,4339.0,,571.0,,11413.0,,,,,10796.0,2025-07-19 12:19:50.733,6708.0,11984.0,-252.0,218.0
2025-07-19 12:30:00,7879.0,845.0,12:15 - 12:30,,,14207.0,2025-07-19 10:30:00,913.0,10:15 - 10:30,16750.0,,,2025-07-19,0.0,,6598.0,,,,,2025-07-19 14:19:50.733,4449.0,,616.0,,11516.0,,,,,10856.0,2025-07-19 12:19:50.733,6598.0,12132.0,-509.0,475.0
2025-07-19 12:45:00,7872.0,825.0,12:30 - 12:45,,,14246.0,2025-07-19 10:45:00,891.0,10:30 - 10:45,16700.0,,,2025-07-19,0.0,,6576.0,,,,,2025-07-19 14:19:50.733,4591.0,,653.0,,11439.0,,,,,10828.0,2025-07-19 12:19:50.733,6576.0,12092.0,-537.0,503.0
2025-07-19 13:00:00,7863.0,883.0,12:45 - 13:00,,,14250.0,2025-07-19 11:00:00,840.0,10:45 - 11:00,16700.0,,,2025-07-19,0.0,,6525.0,,,,,2025-07-19 14:19:50.733,4668.0,,530.0,,11559.0,,,,,10877.0,2025-07-19 12:19:50.733,6525.0,12089.0,-547.0,513.0
2025-07-19 13:15:00,7909.0,919.0,13:00 - 13:15,,,14034.0,2025-07-19 11:15:00,838.0,11:00 - 11:15,16750.0,,,2025-07-19,0.0,,6523.0,,,,,2025-07-19 14:19:50.733,4656.0,,656.0,,11648.0,,,,,10927.0,2025-07-19 12:19:50.733,6523.0,12305.0,-420.0,390.0
2025-07-19 13:30:00,7929.0,919.0,13:15 - 13:30,,,13720.0,2025-07-19 11:30:00,818.0,11:15 - 11:30,16750.0,,,2025-07-19,0.0,,6503.0,,,,,2025-07-19 14:19:50.733,4676.0,,527.0,,12092.0,,,,,10947.0,2025-07-19 12:19:50.733,6503.0,12618.0,-428.0,398.0
2025-07-19 13:45:00,7932.0,931.0,13:30 - 13:45,,,14237.0,2025-07-19 11:45:00,753.0,11:30 - 11:45,16700.0,,,2025-07-19,0.0,,6438.0,,,,,2025-07-19 14:19:50.733,4741.0,,651.0,,11451.0,,,,,10962.0,2025-07-19 12:19:50.733,6438.0,12102.0,-470.0,440.0
2025-07-19 14:00:00,7932.0,983.0,13:45 - 14:00,,,14342.0,2025-07-19 12:00:00,571.0,11:45 - 12:00,16400.0,,,2025-07-19,0.0,,6256.0,,,,,2025-07-19 14:19:50.733,4923.0,,452.0,,11545.0,,,,,11015.0,2025-07-19 12:19:50.733,6256.0,11997.0,-464.0,434.0
2025-07-19 14:15:00,7914.0,931.0,14:00 - 14:15,,,14171.0,2025-07-19 12:15:00,761.0,12:00 - 12:15,16550.0,,,2025-07-19,0.0,,6446.0,,,,,2025-07-19 14:19:50.733,4717.0,,535.0,,11632.0,,,,,10953.0,2025-07-19 12:19:50.733,6446.0,12167.0,-177.0,132.0
2025-07-19 14:30:00,7853.0,969.0,14:15 - 14:30,,,13811.0,2025-07-19 12:30:00,633.0,12:15 - 12:30,16400.0,,,2025-07-19,0.0,,6318.0,,,,,2025-07-19 14:19:50.733,4845.0,,452.0,,12076.0,,,,,10931.0,2025-07-19 12:19:50.733,6318.0,12528.0,-148.0,103.0
2025-07-19 14:45:00,7767.0,980.0,14:30 - 14:45,,,13410.0,2025-07-19 12:45:00,658.0,12:30 - 12:45,16350.0,,,2025-07-19,0.0,,6343.0,,,,,2025-07-19 14:19:50.733,4820.0,,535.0,,12394.0,,,,,10856.0,2025-07-19 12:19:50.733,6343.0,12929.0,-31.0,-14.0
2025-07-19 15:00:00,7650.0,991.0,14:45 - 15:00,,,13267.0,2025-07-19 13:00:00,682.0,12:45 - 13:00,16250.0,,,2025-07-19,0.0,,6367.0,,,,,2025-07-19 14:19:50.733,4796.0,,427.0,,12644.0,,,,,10750.0,2025-07-19 12:19:50.733,6367.0,13072.0,-35.0,-10.0
2025-07-19 15:15:00,7761.0,972.0,15:00 - 15:15,,,12877.0,2025-07-19 13:15:00,597.0,13:00 - 13:15,16000.0,,,2025-07-19,0.0,,6282.0,,,,,2025-07-19 14:19:50.733,4882.0,,588.0,,12873.0,,,,,10887.0,2025-07-19 12:19:50.733,6282.0,13462.0,254.0,-334.0
2025-07-19 15:30:00,7561.0,1026.0,15:15 - 15:30,,,12508.0,2025-07-19 13:30:00,571.0,13:15 - 13:30,16100.0,,,2025-07-19,0.0,,6256.0,,,,,2025-07-19 14:19:50.733,4908.0,,563.0,,13268.0,,,,,10742.0,2025-07-19 12:19:50.733,6256.0,13831.0,346.0,-426.0
2025-07-19 15:45:00,7331.0,1026.0,15:30 - 15:45,,,11733.0,2025-07-19 13:45:00,590.0,13:30 - 13:45,16050.0,,,2025-07-19,0.0,,6275.0,,,,,2025-07-19 14:19:50.733,4889.0,,684.0,,13922.0,,,,,10512.0,2025-07-19 12:19:50.733,6275.0,14606.0,327.0,-407.0
2025-07-19 16:00:00,7086.0,1033.0,15:45 - 16:00,,,11452.0,2025-07-19 14:00:00,844.0,13:45 - 14:00,16100.0,,,2025-07-19,0.0,,6529.0,,,,,2025-07-19 14:19:50.733,4635.0,,665.0,,14223.0,,,,,10273.0,2025-07-19 12:19:50.733,6529.0,14887.0,349.0,-429.0
2025-07-19 16:15:00,7080.0,1047.0,16:00 - 16:15,,,11081.0,2025-07-19 14:15:00,613.0,14:00 - 14:15,16100.0,,,2025-07-19,0.0,,6298.0,,,,,2025-07-19 14:19:50.733,4866.0,,684.0,,14573.0,,,,,10370.0,2025-07-19 12:19:50.733,6298.0,15258.0,518.0,-633.0
2025-07-19 16:30:00,6830.0,1017.0,16:15 - 16:30,,,10708.0,2025-07-19 14:30:00,893.0,14:15 - 14:30,16100.0,,,2025-07-19,0.0,,6578.0,,,,,2025-07-19 14:19:50.733,4586.0,,665.0,,14966.0,,,,,10090.0,2025-07-19 12:19:50.733,6578.0,15631.0,561.0,-628.0
2025-07-19 16:45:00,6565.0,1011.0,16:30 - 16:45,,,10203.0,2025-07-19 14:45:00,762.0,14:30 - 14:45,16150.0,,,2025-07-19,0.0,,6447.0,,,,,2025-07-19 14:19:50.733,4717.0,,879.0,,15257.0,,,,,9818.0,2025-07-19 12:19:50.733,6447.0,16136.0,618.0,-733.0
2025-07-19 17:00:00,6267.0,1008.0,16:45 - 17:00,,,9840.0,2025-07-19 15:00:00,877.0,14:45 - 15:00,16250.0,,,2025-07-19,0.0,,6562.0,,,,,2025-07-19 14:19:50.733,4602.0,,996.0,,15503.0,,,,,9518.0,2025-07-19 12:19:50.733,6562.0,16499.0,645.0,-475.0
2025-07-19 17:15:00,5922.0,1025.0,17:00 - 17:15,,,9665.0,2025-07-19 15:15:00,882.0,15:00 - 15:15,16350.0,,,2025-07-19,0.0,,6567.0,,,,,2025-07-19 14:19:50.733,4597.0,,891.0,,15783.0,,,,,9343.0,2025-07-19 12:19:50.733,6567.0,16674.0,645.0,-205.0
2025-07-19 17:30:00,5535.0,981.0,17:15 - 17:30,,,9334.0,2025-07-19 15:30:00,1371.0,15:15 - 15:30,16400.0,,,2025-07-19,0.0,,7086.0,,,,,2025-07-19 14:19:50.733,4109.0,,996.0,,16009.0,,,,,8912.0,2025-07-19 12:19:50.733,7086.0,17005.0,645.0,-244.0
2025-07-19 17:45:00,5116.0,950.0,17:30 - 17:45,,,9224.0,2025-07-19 15:45:00,2185.0,15:30 - 15:45,16750.0,,,2025-07-19,0.0,,7931.0,,,,,2025-07-19 14:19:50.733,3262.0,,891.0,,16223.0,,,,,8462.0,2025-07-19 12:19:50.733,7931.0,17114.0,645.0,-288.0
2025-07-19 18:00:00,4675.0,917.0,17:45 - 18:00,,,8880.0,2025-07-19 16:00:00,2646.0,15:45 - 16:00,16750.0,,,2025-07-19,165.0,,8422.0,,,,,2025-07-19 14:19:50.733,2623.0,,996.0,,16463.0,,,,,7988.0,2025-07-19 12:19:50.733,8587.0,17459.0,645.0,-470.0
2025-07-19 18:15:00,4431.0,894.0,18:00 - 18:15,,,8058.0,2025-07-19 16:15:00,2379.0,16:00 - 16:15,16900.0,,,2025-07-19,294.0,,8185.0,,,,,2025-07-19 14:19:50.733,3105.0,,1065.0,,17215.0,,,,,8064.0,2025-07-19 12:19:50.733,8479.0,18280.0,645.0,-288.0
2025-07-19 18:30:00,3913.0,847.0,18:15 - 18:30,,,7740.0,2025-07-19 16:30:00,3071.0,16:15 - 16:30,17050.0,,,2025-07-19,339.0,,8908.0,,,,,2025-07-19 14:19:50.733,2413.0,,1084.0,,17514.0,,,,,7500.0,2025-07-19 12:19:50.733,9247.0,18598.0,645.0,-342.0
2025-07-19 18:45:00,3379.0,807.0,18:30 - 18:45,,,7388.0,2025-07-19 16:45:00,3527.0,16:30 - 16:45,17150.0,,,2025-07-19,339.0,,9394.0,,,,,2025-07-19 14:19:50.733,1957.0,,1100.0,,17850.0,,,,,6925.0,2025-07-19 12:19:50.733,9733.0,18950.0,645.0,-153.0
2025-07-19 19:00:00,2857.0,768.0,18:45 - 19:00,,,7062.0,2025-07-19 17:00:00,3697.0,16:45 - 17:00,17100.0,,,2025-07-19,641.0,,9594.0,,,,,2025-07-19 14:19:50.733,1787.0,,1089.0,,18188.0,,,,,6365.0,2025-07-19 12:19:50.733,10235.0,19277.0,645.0,-145.0
2025-07-19 19:15:00,2367.0,743.0,19:00 - 19:15,,,6693.0,2025-07-19 17:15:00,2773.0,17:00 - 17:15,17100.0,,,2025-07-19,693.0,,8701.0,,,,,2025-07-19 14:19:50.733,2750.0,,1166.0,,18480.0,,,,,5963.0,2025-07-19 12:19:50.733,9394.0,19646.0,645.0,1098.0
2025-07-19 19:30:00,1877.0,726.0,19:15 - 19:30,,,6565.0,2025-07-19 17:30:00,3275.0,17:15 - 17:30,17150.0,,,2025-07-19,708.0,,9228.0,,,,,2025-07-19 14:19:50.733,2269.0,,1157.0,,18617.0,,,,,5456.0,2025-07-19 12:19:50.733,9936.0,19773.0,645.0,1113.0
2025-07-19 19:45:00,1410.0,710.0,19:30 - 19:45,,,6331.0,2025-07-19 17:45:00,3784.0,17:30 - 17:45,17150.0,,,2025-07-19,708.0,,9737.0,,,,,2025-07-19 14:19:50.733,2144.0,,1194.0,,18814.0,,,,,4973.0,2025-07-19 12:19:50.733,10445.0,20008.0,645.0,1087.0
2025-07-19 20:00:00,999.0,709.0,19:45 - 20:00,,,6051.0,2025-07-19 18:00:00,3983.0,17:45 - 18:00,17050.0,,,2025-07-19,935.0,,9936.0,,,,,2025-07-19 14:19:50.733,1965.0,,1246.0,,19042.0,,,,,4561.0,2025-07-19 12:19:50.733,10871.0,20288.0,645.0,973.0
2025-07-19 20:15:00,668.0,671.0,20:00 - 20:15,,,5783.0,2025-07-19 18:15:00,3744.0,18:00 - 18:15,16900.0,,,2025-07-19,912.0,,9698.0,,,,,2025-07-19 14:19:50.733,2291.0,,1234.0,,19322.0,,,,,4202.0,2025-07-19 12:19:50.733,10610.0,20556.0,645.0,1443.0
2025-07-19 20:30:00,417.0,678.0,20:15 - 20:30,,,5644.0,2025-07-19 18:30:00,3902.0,18:15 - 18:30,16800.0,,,2025-07-19,912.0,,9855.0,,,,,2025-07-19 14:19:50.733,2140.0,,1223.0,,19472.0,,,,,3959.0,2025-07-19 12:19:50.733,10767.0,20695.0,645.0,1429.0
2025-07-19 20:45:00,227.0,701.0,20:30 - 20:45,,,5533.0,2025-07-19 18:45:00,4072.0,18:30 - 18:45,16800.0,,,2025-07-19,912.0,,10025.0,,,,,2025-07-19 14:19:50.733,1970.0,,1234.0,,19572.0,,,,,3791.0,2025-07-19 12:19:50.733,10937.0,20806.0,645.0,1427.0
2025-07-19 21:00:00,85.0,720.0,20:45 - 21:00,,,5549.0,2025-07-19 19:00:00,4076.0,18:45 - 19:00,16700.0,,,2025-07-19,913.0,,10030.0,,,,,2025-07-19 14:19:50.733,1965.0,,1121.0,,19669.0,,,,,3669.0,2025-07-19 12:19:50.733,10942.0,20790.0,645.0,1444.0
2025-07-19 21:15:00,15.0,738.0,21:00 - 21:15,,,5654.0,2025-07-19 19:15:00,4358.0,19:00 - 19:15,16650.0,,,2025-07-19,913.0,,10312.0,,,,,2025-07-19 14:19:50.733,1705.0,,913.0,,19772.0,,,,,3606.0,2025-07-19 12:19:50.733,11224.0,20685.0,645.0,1175.0
2025-07-19 21:30:00,0.0,761.0,21:15 - 21:30,,,5614.0,2025-07-19 19:30:00,4336.0,19:15 - 19:30,16650.0,,,2025-07-19,913.0,,10290.0,,,,,2025-07-19 14:19:50.733,1725.0,,913.0,,19812.0,,,,,3614.0,2025-07-19 12:19:50.733,11202.0,20724.0,645.0,1189.0
2025-07-19 21:45:00,0.0,786.0,21:30 - 21:45,,,5580.0,2025-07-19 19:45:00,4162.0,19:30 - 19:45,16550.0,,,2025-07-19,913.0,,10116.0,,,,,2025-07-19 14:19:50.733,1901.0,,913.0,,19846.0,,,,,3639.0,2025-07-19 12:19:50.733,11028.0,20759.0,645.0,1238.0
2025-07-19 22:00:00,0.0,824.0,21:45 - 22:00,,,5542.0,2025-07-19 20:00:00,3859.0,19:45 - 20:00,16300.0,,,2025-07-19,913.0,,9813.0,,,,,2025-07-19 14:19:50.733,2204.0,,913.0,,19884.0,,,,,3677.0,2025-07-19 12:19:50.733,10725.0,20796.0,645.0,1253.0
2025-07-19 22:15:00,0.0,808.0,22:00 - 22:15,,,5757.0,2025-07-19 20:15:00,4504.0,20:00 - 20:15,16050.0,,,2025-07-19,654.0,,10457.0,,,,,2025-07-19 14:19:50.733,1567.0,,654.0,,19928.0,,,,,3562.0,2025-07-19 12:19:50.733,11111.0,20582.0,645.0,732.0
2025-07-19 22:30:00,0.0,803.0,22:15 - 22:30,,,5714.0,2025-07-19 20:30:00,4263.0,20:15 - 20:30,15800.0,,,2025-07-19,654.0,,10217.0,,,,,2025-07-19 14:19:50.733,1808.0,,654.0,,19970.0,,,,,3557.0,2025-07-19 12:19:50.733,10871.0,20625.0,645.0,727.0
2025-07-19 22:45:00,0.0,822.0,22:30 - 22:45,,,5666.0,2025-07-19 20:45:00,4265.0,20:30 - 20:45,15550.0,,,2025-07-19,654.0,,9950.0,,,,,2025-07-19 14:19:50.733,1424.0,,654.0,,20019.0,,,,,3575.0,2025-07-19 12:19:50.733,10604.0,20673.0,645.0,726.0
2025-07-19 23:00:00,0.0,830.0,22:45 - 23:00,,,5612.0,2025-07-19 21:00:00,3902.0,20:45 - 21:00,15200.0,,,2025-07-19,654.0,,9587.0,,,,,2025-07-19 14:19:50.733,1788.0,,654.0,,20073.0,,,,,3583.0,2025-07-19 12:19:50.733,10241.0,20727.0,645.0,731.0
2025-07-19 23:15:00,0.0,825.0,23:00 - 23:15,,,6201.0,2025-07-19 21:15:00,4389.0,21:00 - 21:15,14900.0,,,2025-07-19,0.0,,10074.0,,,,,2025-07-19 14:19:50.733,1309.0,,0.0,,20138.0,,,,,3470.0,2025-07-19 12:19:50.733,10074.0,20138.0,645.0,711.0
2025-07-19 23:30:00,0.0,815.0,23:15 - 23:30,,,6138.0,2025-07-19 21:30:00,4056.0,21:15 - 21:30,14600.0,,,2025-07-19,0.0,,9741.0,,,,,2025-07-19 14:19:50.733,1642.0,,0.0,,20201.0,,,,,3460.0,2025-07-19 12:19:50.733,9741.0,20201.0,645.0,754.0
2025-07-19 23:45:00,0.0,820.0,23:30 - 23:45,,,6067.0,2025-07-19 21:45:00,3704.0,21:30 - 21:45,14250.0,,,2025-07-19,0.0,,9389.0,,,,,2025-07-19 14:19:50.733,1994.0,,0.0,,20272.0,,,,,3465.0,2025-07-19 12:19:50.733,9389.0,20272.0,645.0,751.0
2025-07-20 00:00:00,0.0,824.0,23:45 - 24:00,,,5996.0,2025-07-19 22:00:00,3382.0,21:45 - 22:00,13950.0,,,2025-07-19,0.0,,9067.0,,,,,2025-07-19 14:19:50.733,2316.0,,0.0,,20343.0,,,,,3469.0,2025-07-19 12:19:50.733,9067.0,20343.0,645.0,769.0
